EmployeeID,Name,Age,Department,Salary,JoiningDate,Gender,Experience,Country
1,Tanya Davis,29.0,Marketing,52646.44,2017-08-01,Male,30.0,Canada
2,Amber Barker,23.0,Sales,73249.74,2015-10-17,Female,10.0,Germany
3,Brendan Jackson,39.0,IT,77155.37,2021-01-31,Female,21.0,Canada
4,William Miller,37.0,Sales,67215.41,2023-01-31,Male,12.0,Canada
5,Michael Gonzalez,36.0,HR,51493.5,2017-09-21,Female,6.0,India
6,Patricia Romero,30.0,Finance,108918.81,2015-02-22,Other,32.0,India
7,Norma Walters,28.0,Sales,65545.31,2016-07-24,Female,22.0,USA
8,Gary Harvey,56.0,Sales,119041.87,2022-03-22,Female,12.0,Germany
9,Eric Flores,27.0,Sales,67629.64,2022-12-13,Other,,USA
10,Lisa Donovan,,IT,71897.33,2023-12-16,Other,4.0,UK
11,Debra Baker,49.0,Sales,100853.2,2015-07-04,Male,1.0,USA
12,Barbara Jones,24.0,HR,81198.41,2024-04-07,Female,29.0,UK
13,Dawn Contreras,23.0,IT,48494.71,2015-06-27,Male,18.0,Canada
14,Jeffery Avery,27.0,Marketing,59339.03,2015-04-05,Male,14.0,Germany
15,Allison Clark,35.0,Marketing,49801.75,2020-05-15,Other,11.0,USA
16,Glenda Hill,36.0,Finance,75967.68,2020-05-14,Male,11.0,Germany
17,Chad Allen,54.0,HR,51270.21,2024-06-26,Male,32.0,Canada
18,Aaron Dixon,60.0,Sales,44048.42,2021-11-23,Female,6.0,Canada
19,James Perry,23.0,HR,115630.79,2018-08-19,Male,9.0,Canada
20,Danielle Wood,57.0,Marketing,109133.11,2020-03-30,Male,28.0,Canada
21,James Willis,34.0,Sales,73450.78,2020-06-04,Male,28.0,India
22,Susan Evans,56.0,HR,117014.87,2023-08-02,Female,26.0,India
23,Alison Davis MD,48.0,IT,112184.87,2017-05-13,Other,28.0,Canada
24,Eric Reynolds,36.0,Sales,105078.23,2015-08-28,Female,31.0,Canada
25,Taylor Robbins,50.0,IT,114700.12,2014-11-09,Other,25.0,USA
26,Leonard Stone,59.0,HR,97690.27,2017-03-17,Other,1.0,Germany
27,Amy James,39.0,Sales,55186.73,2017-05-20,Other,,USA
28,Philip Smith,22.0,Finance,52747.39,2015-06-25,Female,35.0,Canada
29,Ryan Little,32.0,Finance,119677.55,2014-12-22,Female,13.0,India
30,Adam Morales,,Marketing,77345.21,2024-07-02,Other,24.0,UK
31,Carl Perez,43.0,Sales,110326.05,2024-08-04,Female,1.0,India
32,Stacy Contreras,39.0,HR,79789.62,2017-03-24,Male,21.0,India
33,Carolyn Oliver,31.0,Finance,47203.93,2019-12-19,Other,34.0,India
34,Heather Price,35.0,Marketing,71459.37,2016-08-08,Other,13.0,UK
35,Christopher Adams,43.0,Sales,76578.45,2015-07-16,Other,2.0,Canada
36,Jeffrey Martinez,28.0,Finance,59258.29,2019-04-17,Other,1.0,Canada
37,Mary Potter,27.0,Sales,86667.53,2019-09-26,Male,16.0,Canada
38,Destiny Zhang,46.0,,43892.65,2016-12-26,Female,15.0,India
39,Derek Bryant,28.0,,62508.51,2016-10-02,Male,23.0,Germany
40,Michael Brooks,44.0,Marketing,87801.5,2015-02-24,Female,,Germany
41,Kim Stafford,44.0,HR,107427.97,2016-07-24,Male,9.0,USA
42,Ian Ali,60.0,IT,93801.65,2020-01-01,Other,7.0,Germany
43,Cody Mueller,,Finance,62859.87,2018-02-22,Male,25.0,India
44,Julie Harris,24.0,IT,40654.19,2021-02-02,Male,33.0,Canada
45,Keith Douglas,51.0,HR,48599.77,2023-12-23,Other,20.0,Germany
46,Jacqueline Torres,56.0,Sales,50714.8,2024-04-13,Female,11.0,UK
47,Mary Dixon,29.0,HR,61157.83,2015-09-26,Female,5.0,UK
48,Samantha Wood,,HR,69262.21,2015-02-05,Other,3.0,Canada
49,Michael Phelps,27.0,Sales,72260.33,2019-10-07,Other,20.0,Germany
50,Jeremy Smith,57.0,IT,43619.39,2016-08-03,Other,19.0,India
51,Darryl Simmons MD,40.0,Finance,44092.61,2017-05-27,Other,30.0,India
52,Larry Smith,45.0,HR,84945.35,2015-08-04,Other,34.0,Germany
53,Jessica Scott,58.0,HR,69001.9,2017-01-03,Male,34.0,USA
54,Darren Thomas,34.0,Finance,63088.14,2021-05-12,Female,22.0,USA
55,Francisco Butler,26.0,HR,70907.91,2019-12-11,Other,28.0,UK
56,Linda Nielsen,24.0,Finance,76028.35,2016-04-21,Female,9.0,Canada
57,Misty Bradford,,Finance,83988.57,2022-02-14,Other,22.0,UK
58,Matthew Brown,40.0,Finance,106024.91,2016-10-14,Male,32.0,Canada
59,Caitlin Myers,27.0,Sales,89859.33,2021-11-29,Male,23.0,Canada
60,Jessica Mckenzie,36.0,IT,,2015-08-03,Male,13.0,Canada
61,Michael Marshall,28.0,IT,50293.07,2017-09-29,Male,11.0,Canada
62,Laura Hunt,46.0,Marketing,47734.52,2021-08-15,Female,26.0,India
63,Kevin Benson,39.0,Sales,69855.87,2023-11-08,Male,2.0,Germany
64,Frank Gentry,51.0,Marketing,118943.01,2017-09-21,Female,15.0,Canada
65,Madison Allen,45.0,IT,84626.55,2017-02-06,Other,15.0,Germany
66,Kara Diaz,32.0,IT,69248.51,2022-01-31,Other,9.0,Canada
67,Meredith Larson,,IT,51541.39,2020-12-20,Male,14.0,India
68,James Rios,44.0,HR,88197.04,2024-07-30,Female,2.0,India
69,Sara Trujillo,35.0,Marketing,72110.97,2014-12-31,Other,33.0,Germany
70,Sean Bender,39.0,Sales,43220.39,2023-10-01,Other,11.0,Germany
71,Maureen Cannon,,,43113.12,2016-01-27,Other,8.0,UK
72,Stephanie Lucas,60.0,IT,97087.35,2016-06-22,Other,24.0,UK
73,Julie Rodriguez,32.0,Sales,104317.27,2022-10-21,Male,3.0,USA
74,Alexis Mcdonald,56.0,Marketing,81546.62,2021-10-17,Male,25.0,UK
75,Dylan Garcia,37.0,IT,51915.25,2019-03-11,Male,17.0,UK
76,Lauren Miller,32.0,IT,111450.54,2020-06-28,Other,35.0,Canada
77,Timothy Mccarty,51.0,Sales,,2015-01-12,Male,4.0,USA
78,Denise Curtis,46.0,,114509.5,2014-11-14,Other,4.0,UK
79,Marc Stephens,39.0,Sales,65482.4,2017-09-29,Male,7.0,UK
80,Richard Ruiz,57.0,Finance,71436.37,2017-06-11,Male,2.0,Germany
81,Rebecca Thornton,36.0,HR,89320.04,2018-11-23,Female,4.0,USA
82,Andre Wilson,42.0,Sales,107408.15,2021-08-08,Female,8.0,USA
83,Elizabeth Strong,25.0,Finance,87497.97,2023-10-14,Other,27.0,USA
84,Valerie Flynn,36.0,Marketing,80585.2,2017-09-28,Other,29.0,Germany
85,Courtney Mcclain,24.0,IT,80777.13,2022-01-30,Other,25.0,India
86,Christina Savage,42.0,,79187.73,2020-05-28,Female,8.0,USA
87,Alejandro Summers,47.0,Sales,85033.94,2019-06-02,Male,17.0,USA
88,Beth Ruiz,39.0,Finance,77991.41,2016-09-01,Female,31.0,Germany
89,Tom Foster,26.0,Marketing,41330.96,2024-04-01,Male,10.0,India
90,Laura George,35.0,Finance,66499.17,2021-01-12,Other,14.0,USA
91,Nathan Peterson,,Sales,48768.37,2023-08-12,Female,1.0,USA
92,Laura Hutchinson,42.0,Finance,73323.22,2021-10-05,Other,20.0,Canada
93,Lindsay Mitchell,35.0,Sales,64614.23,2018-03-11,Male,27.0,India
94,Jay Murphy,,Finance,111901.37,2023-07-02,Male,7.0,UK
95,Kimberly Sullivan,47.0,,109767.93,2019-11-23,Female,34.0,USA
96,Katherine Lutz,51.0,Sales,90340.84,2023-12-30,Female,18.0,Germany
97,Lisa Smith,31.0,Sales,,2022-04-18,Female,9.0,Canada
98,Lynn Martinez,38.0,,61242.43,2016-08-09,Other,,UK
99,Elizabeth Hall,30.0,IT,92447.28,2017-08-09,Male,7.0,UK
100,Ms. Donna Rodriguez,37.0,Sales,117764.55,2024-04-12,Female,33.0,Canada
101,Jillian Scott,,Marketing,86277.95,2024-05-01,Other,8.0,Germany
102,Caitlin Walker,56.0,Finance,,2014-11-22,Other,19.0,UK
103,Kenneth Rodgers,38.0,Marketing,44108.41,2020-03-17,Other,8.0,UK
104,Jimmy Salazar,59.0,Finance,78435.9,2021-10-24,Male,7.0,India
105,Brittany Armstrong MD,49.0,Finance,81938.59,2023-08-30,Female,32.0,UK
106,Jesse Carson,59.0,,97694.63,2018-07-25,Female,13.0,USA
107,Tyler Smith,47.0,Sales,101968.49,2016-04-29,Other,13.0,USA
108,Kim Jones,45.0,Finance,70415.23,2021-07-17,Female,17.0,Canada
109,Reginald Gomez,36.0,HR,105732.9,2020-03-17,Male,34.0,Canada
110,Tiffany Nelson,30.0,,59375.72,2017-10-03,Female,13.0,Germany
111,David Sanders,54.0,HR,85805.62,2023-03-20,Other,23.0,Germany
112,Ashley Johnson,53.0,Marketing,96041.67,2023-04-24,Male,27.0,India
113,Lawrence Rodriguez,27.0,Sales,55262.75,2021-06-09,Female,19.0,Canada
114,Anita Compton,25.0,Finance,75283.09,2020-04-29,Male,11.0,India
115,Jeffrey Boyd,29.0,IT,73502.42,2016-09-20,Female,3.0,Germany
116,Frank Simmons,31.0,Marketing,73036.81,2020-06-28,Male,32.0,UK
117,Andrew Nguyen,32.0,Finance,56311.33,2023-11-09,Other,14.0,India
118,Cynthia Santiago,49.0,IT,80145.56,2024-04-21,Other,31.0,UK
119,Andrew Williams,60.0,IT,88918.24,2024-07-21,Other,22.0,India
120,Amanda Nicholson,26.0,Marketing,77728.44,2021-02-26,Male,16.0,India
121,Megan Clark,46.0,Finance,107870.16,2023-05-23,Male,1.0,Germany
122,Madison Ramos,46.0,IT,98192.17,2016-09-24,Other,1.0,India
123,Stephanie Delgado,60.0,HR,96462.02,2020-09-29,Other,,Germany
124,Kirk Collier,51.0,HR,81494.66,2018-10-12,Male,8.0,India
125,Todd Lin,55.0,Finance,84870.94,2023-07-25,Male,32.0,India
126,Kimberly Mcdonald,38.0,Sales,119849.83,2019-11-12,Male,10.0,Canada
127,Dr. Christina Browning,57.0,HR,78269.68,2022-12-10,Male,6.0,Canada
128,Jesus Walker,22.0,Marketing,70145.98,2015-11-27,Male,33.0,Germany
129,Patricia Ford,29.0,Finance,116534.84,2020-05-29,Female,5.0,India
130,Richard Wright,56.0,IT,76773.08,2015-08-24,Female,7.0,UK
131,Bobby Mccarty,39.0,HR,82650.17,2020-02-15,Female,,USA
132,Michael Murphy,43.0,Finance,83701.86,2022-10-05,Male,15.0,Germany
133,Melinda Charles,29.0,Finance,94069.49,2024-09-15,Male,30.0,Canada
134,Amy Gregory,40.0,Sales,109412.35,2015-03-04,Male,19.0,Canada
135,Frank Chavez,49.0,IT,94459.67,2023-12-07,Other,17.0,Germany
136,Brandon Owens,32.0,IT,104292.2,2018-07-14,Other,30.0,Canada
137,Kevin Cochran,51.0,IT,,2020-02-14,Other,4.0,UK
138,Terri Young,22.0,Marketing,78734.41,2019-10-24,Other,7.0,Canada
139,Robert Ross,38.0,Finance,116586.99,2017-11-20,Female,12.0,USA
140,Sabrina Anderson,54.0,Marketing,,2015-10-20,Male,3.0,USA
141,Brenda Park,33.0,Marketing,63879.93,2017-05-05,Female,19.0,India
142,Cody James,54.0,Finance,115318.84,2021-08-24,Male,24.0,UK
143,Keith Mitchell,28.0,IT,118580.82,2022-08-15,Female,21.0,Canada
144,Jennifer Jackson,41.0,Finance,101693.94,2023-04-15,Other,28.0,Canada
145,Debbie Sullivan,54.0,Sales,96392.07,2018-06-30,Female,8.0,Germany
146,Amanda Larsen,60.0,Finance,95219.19,2023-12-01,Female,7.0,India
147,Shawn Walker,34.0,Finance,79120.25,2024-02-06,Male,3.0,USA
148,Sean Campbell,31.0,HR,78384.27,2023-10-18,Other,1.0,Germany
149,Ernest Trevino,45.0,Sales,84839.01,2023-01-24,Female,9.0,Germany
150,Kristy Bautista,32.0,,114758.83,2020-04-18,Male,11.0,Canada
151,James Ochoa,56.0,,97733.15,2020-06-17,Other,22.0,USA
152,Charles Walsh,55.0,IT,63023.15,2024-04-08,Other,23.0,Germany
153,Jared Newton,22.0,Sales,85878.14,2023-12-18,Male,29.0,Canada
154,Madison Shepherd DDS,60.0,Marketing,83455.27,2019-09-16,Male,18.0,India
155,Steven Lucero,42.0,Finance,111660.84,2022-07-22,Male,6.0,UK
156,Brian King,53.0,HR,71562.6,2015-09-05,Other,24.0,USA
157,Stacy Lara,23.0,Sales,67610.77,2021-02-28,Male,22.0,India
158,Alexis Carr,29.0,HR,101845.15,2023-03-05,Female,12.0,Canada
159,Victor Walker,45.0,Finance,51718.09,2016-11-10,Male,8.0,UK
160,Clayton Cooper,41.0,Marketing,43365.32,2020-05-04,Female,26.0,Germany
161,Denise Walker,37.0,HR,116425.1,2018-05-12,Female,26.0,India
162,Christopher Ruiz,25.0,Sales,46322.35,2021-08-19,Female,30.0,Germany
163,Jose Lewis,37.0,Finance,113920.77,2024-06-02,Female,18.0,Germany
164,William Wood,58.0,Finance,92477.76,2024-06-07,Male,25.0,UK
165,Ruben Walker,27.0,Marketing,99787.08,2020-01-23,Other,31.0,UK
166,Thomas Anderson,27.0,Sales,57118.94,2020-11-18,Female,27.0,Germany
167,Brandon Williams,53.0,Finance,106236.14,2018-02-19,Male,11.0,Germany
168,Jacqueline Gould,26.0,HR,61690.62,2016-08-04,Female,8.0,UK
169,Luis Jones,56.0,IT,84961.44,2017-10-13,Male,9.0,Canada
170,Philip Keller,30.0,Sales,61729.72,2023-01-29,Female,4.0,USA
171,Brian Smith,30.0,HR,48738.13,2024-05-26,Other,11.0,Germany
172,Adrian Davis,52.0,Marketing,99271.28,2015-12-27,Female,7.0,UK
173,Bobby Wagner,,Marketing,59142.57,2020-08-11,Other,27.0,India
174,Douglas Thomas,32.0,Finance,44061.23,2022-11-25,Other,31.0,India
175,Mr. William English,38.0,Marketing,,2017-09-21,Male,29.0,Canada
176,Chelsea Mcdaniel,55.0,IT,58053.73,2015-01-12,Female,12.0,Canada
177,Anthony Johnson,60.0,HR,58626.92,2018-09-01,Female,,India
178,Ashley Parker,49.0,Sales,48015.84,2017-01-20,Other,23.0,Canada
179,Rebecca Wilson,35.0,Finance,66423.49,2022-09-04,Female,,Germany
180,Kimberly Guzman,56.0,,77792.31,2019-10-10,Male,9.0,UK
181,Beverly Bolton,34.0,HR,94495.36,2015-03-26,Other,31.0,USA
182,Lynn Mosley,41.0,IT,50997.36,2016-07-22,Other,32.0,UK
183,Christopher Steele,47.0,HR,117161.5,2015-11-04,Male,8.0,UK
184,John Lloyd,45.0,HR,118232.86,2016-07-13,Male,27.0,Canada
185,Mary Gordon,50.0,Finance,52635.29,2024-04-28,Male,29.0,USA
186,Eric Garcia,55.0,Sales,92231.42,2021-07-31,Female,3.0,Germany
187,Teresa Lam,50.0,HR,110451.8,2020-07-16,Male,5.0,India
188,Elizabeth Mcdaniel,29.0,HR,78055.97,2016-08-31,Male,17.0,Germany
189,Julie Clark,37.0,IT,92043.1,2015-05-09,Other,21.0,Canada
190,Jacqueline Edwards,36.0,Marketing,100472.88,2015-01-07,Female,1.0,India
191,Paula Turner,26.0,IT,62979.6,2018-02-17,Other,34.0,Germany
192,Michael Wright MD,43.0,Sales,62833.23,2023-01-03,Other,15.0,UK
193,Travis Mckinney,23.0,Sales,44733.01,2024-04-09,Male,22.0,Canada
194,Mary Lopez,59.0,Finance,101498.0,2019-11-18,Female,34.0,USA
195,Jacob Walker,57.0,Marketing,92183.9,2016-01-09,Male,34.0,UK
196,Samuel Rivera,36.0,Sales,58577.62,2023-01-17,Other,7.0,USA
197,Natalie Fisher,59.0,,99094.92,2019-10-13,Female,28.0,India
198,Katelyn Johnson,36.0,IT,108026.65,2016-09-05,Other,16.0,USA
199,Wendy Gillespie,22.0,Sales,,2018-03-08,Other,31.0,UK
200,Larry Clark,26.0,HR,113717.67,2016-12-15,Female,23.0,USA
201,Jennifer Silva,25.0,Sales,73430.8,2021-06-19,Male,25.0,Canada
202,Ebony Robles,36.0,Marketing,107008.39,2017-11-20,Male,10.0,Canada
203,Jill Maldonado,26.0,Sales,114713.81,2022-12-23,Other,4.0,UK
204,Patrick Lowe,24.0,Finance,42907.19,2016-12-16,Male,1.0,Germany
205,Erica Blackwell,43.0,HR,106896.26,2017-05-02,Female,11.0,USA
206,Joel Rodriguez,26.0,,103036.85,2017-04-14,Female,33.0,UK
207,Brian Wood,54.0,IT,54904.93,2019-11-11,Male,,USA
208,Tara Ramos,37.0,Sales,99920.26,2014-12-02,Male,32.0,UK
209,Melissa Brown,39.0,Sales,109783.25,2023-11-11,Other,11.0,USA
210,Margaret Booth,53.0,IT,63157.36,2019-08-04,Female,,Germany
211,Kristin Ramsey DVM,35.0,Finance,,2020-06-29,Male,32.0,UK
212,Kelly Downs,56.0,,63871.38,2021-05-02,Male,,Canada
213,Jordan Calhoun,30.0,Finance,88222.64,2018-05-28,Male,16.0,Germany
214,Amy Cain,,Marketing,114276.39,2015-04-12,Other,22.0,Canada
215,Christopher Cox,58.0,Finance,66803.37,2019-11-09,Female,18.0,Germany
216,Denise Olson,52.0,HR,76347.93,2024-02-22,Other,4.0,Canada
217,Caroline Castro,37.0,Sales,91304.99,2023-08-06,Female,33.0,Germany
218,Matthew Chaney,52.0,Finance,81945.48,2016-02-01,Female,15.0,USA
219,Brian Torres,48.0,IT,111140.8,2017-12-11,Other,25.0,Canada
220,Stephanie Grimes,34.0,HR,50736.0,2020-06-08,Male,26.0,USA
221,Eric Neal,28.0,Sales,80337.01,2020-02-04,Other,16.0,UK
222,Lisa Sanders,28.0,HR,61826.97,2017-07-16,Male,6.0,USA
223,Melissa Baker,49.0,IT,104705.11,2018-11-12,Other,30.0,Canada
224,Jessica Reeves,44.0,,66454.73,2020-11-12,Male,29.0,Germany
225,Tracey Bentley,49.0,HR,98489.54,2021-06-19,Other,29.0,USA
226,Walter Gray,48.0,HR,91862.83,2014-11-16,Female,6.0,India
227,Jamie Lawrence,51.0,Finance,97487.85,2023-01-20,Male,32.0,Germany
228,Daniel Townsend,25.0,IT,41126.74,2020-02-04,Other,29.0,UK
229,Kenneth King,28.0,IT,66968.97,2024-02-01,Other,21.0,UK
230,Michelle Blair,25.0,Marketing,63601.94,2020-05-08,Male,8.0,Canada
231,Elizabeth Kennedy,47.0,IT,93952.09,2023-11-08,Female,32.0,Germany
232,Kimberly Lopez,43.0,HR,55452.9,2019-09-01,Other,2.0,USA
233,Diana Schroeder,28.0,Marketing,88876.36,2016-07-23,Male,7.0,USA
234,Douglas Watts,,IT,91098.06,2020-09-27,Male,26.0,UK
235,Denise Mcbride,34.0,Marketing,72439.23,2023-05-14,Female,27.0,Germany
236,Michelle Middleton,34.0,IT,,2020-11-28,Female,3.0,Germany
237,Ashley Smith,56.0,IT,66234.13,2017-04-12,Female,1.0,UK
238,David Garcia,50.0,Finance,72066.66,2020-06-02,Female,6.0,USA
239,Whitney Armstrong,30.0,IT,47630.81,2019-11-26,Other,20.0,UK
240,Billy Cline,49.0,Marketing,118534.82,2022-08-14,Other,33.0,Germany
241,Whitney Rowe,33.0,HR,78196.33,2019-12-19,Female,14.0,USA
242,Jonathan Diaz,39.0,Finance,114866.03,2016-10-02,Female,30.0,India
243,Tara Hensley,51.0,,40546.41,2024-05-25,Female,22.0,UK
244,Ray Sullivan,37.0,IT,70685.95,2023-02-17,Female,24.0,Germany
245,Jacqueline Hernandez,26.0,Marketing,75738.84,2015-03-25,Male,4.0,Germany
246,Kevin Knight,50.0,Finance,61359.55,2018-09-12,Male,15.0,Canada
247,Whitney Smith,57.0,IT,66370.02,2017-02-20,Male,30.0,Canada
248,Mark Hall,28.0,HR,86596.86,2016-11-07,Male,22.0,UK
249,Michelle Robinson,25.0,HR,85830.19,2019-12-09,Other,31.0,USA
250,Felicia Ramirez,56.0,IT,60924.25,2015-10-06,Male,24.0,India
251,Jodi Marshall,22.0,HR,68764.17,2017-11-01,Male,29.0,India
252,Stephanie Mcpherson,27.0,Finance,58904.21,2019-03-19,Male,8.0,USA
253,Sheila Ramos,37.0,IT,93422.89,2023-07-12,Male,7.0,Canada
254,Victoria Bowman,32.0,,77231.6,2017-08-27,Female,15.0,Germany
255,Meghan Fox,,Finance,52777.35,2020-06-21,Female,1.0,Canada
256,Reginald Cook MD,53.0,HR,94885.89,2024-10-13,Female,22.0,UK
257,Kelly Harris,52.0,IT,113848.48,2024-02-20,Female,23.0,Canada
258,Gregory Johnson,35.0,Finance,111024.11,2019-03-30,Male,19.0,USA
259,Monica Burns,47.0,HR,101587.28,2020-06-08,Other,34.0,UK
260,Kimberly Scott,25.0,IT,95223.23,2022-05-27,Female,24.0,USA
261,Richard Gates,32.0,Sales,91096.91,2017-06-29,Male,7.0,UK
262,Kimberly Barajas,46.0,Marketing,115250.85,2018-04-03,Female,3.0,Germany
263,Kathleen Edwards,22.0,HR,69403.51,2023-12-12,Female,11.0,Canada
264,Susan Donovan,46.0,HR,57667.94,2018-10-08,Female,32.0,USA
265,Katrina Robinson,,Sales,116588.84,2022-10-24,Female,9.0,UK
266,Courtney Bird,51.0,Sales,78254.55,2018-09-12,Male,27.0,Canada
267,Keith Pugh DDS,40.0,Finance,76398.29,2018-07-25,Male,7.0,India
268,Briana Miranda,49.0,Marketing,119107.04,2021-10-15,Male,17.0,USA
269,Patrick Rodriguez,57.0,Marketing,69889.99,2023-01-29,Other,13.0,Germany
270,Darius Hicks,53.0,HR,96155.26,2019-09-12,Female,13.0,UK
271,Laura Becker,31.0,Sales,113023.75,2015-09-24,Other,8.0,USA
272,Denise Baker,34.0,Marketing,100588.04,2020-01-24,Other,26.0,USA
273,Kenneth Ferguson,40.0,IT,104159.6,2016-02-09,Other,14.0,India
274,Sydney Jones,35.0,Marketing,106048.28,2022-04-02,Male,30.0,Germany
275,Shelly Soto,25.0,HR,100948.77,2016-01-11,Male,13.0,India
276,Angie Perez,59.0,Marketing,94427.35,2024-07-20,Female,22.0,UK
277,Kathryn Peterson,56.0,Finance,87665.16,2018-08-31,Male,7.0,Canada
278,Clayton Eaton,25.0,Sales,,2020-02-21,Male,27.0,USA
279,Monica Hess,42.0,HR,82040.53,2021-05-04,Other,3.0,UK
280,Martin Wood,25.0,HR,82253.85,2018-02-07,Male,8.0,UK
281,Craig Guzman,25.0,Sales,,2021-10-05,Female,29.0,Germany
282,Tanya Pierce,59.0,Sales,113379.58,2015-01-17,Female,30.0,USA
283,Margaret Salazar,52.0,Sales,48976.7,2016-08-21,Other,33.0,India
284,John Holt,54.0,HR,106301.92,2018-10-02,Male,9.0,Canada
285,Daniel Pratt,55.0,Sales,112231.05,2015-09-19,Other,32.0,USA
286,Monica Young,32.0,Sales,56172.54,2018-03-10,Female,1.0,USA
287,Diane Saunders,25.0,HR,82932.81,2019-10-26,Female,34.0,Canada
288,Ashley Page,54.0,HR,53162.97,2022-09-24,Male,4.0,UK
289,Brandi Horne,27.0,Finance,108358.88,2024-06-30,Male,28.0,India
290,Timothy Evans,33.0,Marketing,75347.24,2024-05-19,Female,31.0,USA
291,Chad Jackson,26.0,IT,94423.62,2015-12-06,Female,33.0,UK
292,Margaret Cole,60.0,HR,97353.44,2016-07-13,Other,12.0,Germany
293,Matthew Boyd,26.0,IT,79106.24,2016-08-17,Other,12.0,UK
294,Erica James,,Finance,111911.15,2018-09-25,Other,9.0,Canada
295,Rachel Smith,47.0,Marketing,75638.62,2018-12-07,Male,7.0,India
296,Frank Collins,29.0,Marketing,44450.86,2017-05-06,Male,25.0,Canada
297,Michael Washington,58.0,Marketing,50555.55,2017-11-05,Female,21.0,Germany
298,Kathryn Mitchell,37.0,Finance,73233.97,2017-05-04,Male,33.0,UK
299,Richard Alvarez,59.0,Sales,85112.89,2017-04-19,Male,,USA
300,Christian Porter,60.0,Marketing,,2015-12-22,Male,27.0,Germany
301,Matthew Salas,24.0,Marketing,93821.42,2017-05-30,Male,16.0,Canada
302,Sara Evans,27.0,Finance,64653.57,2021-11-16,Male,18.0,UK
303,April Rojas,,Sales,41741.64,2015-04-24,Male,26.0,Canada
304,Kristie Campbell,59.0,Marketing,60356.58,2022-01-08,Male,22.0,USA
305,Barbara Escobar,58.0,Marketing,40241.24,2016-01-12,Male,19.0,Germany
306,Rebecca Smith,55.0,Sales,57432.1,2016-09-17,Female,29.0,Germany
307,Heather Andrews,42.0,HR,45842.36,2024-01-28,Female,,India
308,Madison Foster,38.0,HR,73895.79,2023-03-27,Other,9.0,Canada
309,Annette Sherman,35.0,Marketing,96030.79,2018-09-17,Other,27.0,India
310,Brian Crosby,42.0,IT,83293.08,2014-12-17,Other,33.0,Germany
311,James Perez,37.0,Sales,44820.45,2020-10-17,Male,20.0,UK
312,Jeremy Hill,38.0,Sales,111537.48,2018-08-18,Other,21.0,India
313,Edward Evans,47.0,IT,,2019-06-26,Other,14.0,UK
314,Roberto Howard,30.0,Sales,77765.7,2020-07-05,Female,13.0,India
315,Tanya Espinoza,,Finance,62967.26,2023-10-29,Male,14.0,Canada
316,Monica Newman,51.0,Sales,54398.51,2016-07-18,Male,19.0,Canada
317,William Flores,42.0,Sales,50834.31,2017-04-18,Male,23.0,Germany
318,Kirsten Richards,26.0,Sales,91322.0,2022-04-12,Male,9.0,Canada
319,David Rojas,22.0,HR,98343.16,2015-10-23,Other,,India
320,Richard Anderson,51.0,Finance,,2021-09-02,Female,33.0,India
321,Victoria Martin,58.0,Sales,69956.87,2018-01-11,Male,35.0,UK
322,Sean Alvarez,28.0,,111306.69,2018-01-25,Male,21.0,USA
323,Jacqueline Morales,26.0,Finance,75882.97,2019-09-27,Female,8.0,India
324,Casey Randolph,56.0,Finance,113369.21,2023-08-12,Male,23.0,UK
325,Sally Haynes,35.0,IT,70199.71,2021-02-23,Male,31.0,Germany
326,Amy Allison,54.0,Sales,46420.0,2021-08-13,Female,27.0,Canada
327,Renee Nelson,38.0,HR,117131.55,2015-12-23,Male,35.0,Canada
328,Thomas Smith,30.0,HR,109964.3,2022-10-03,Male,19.0,India
329,Connor Huffman,44.0,HR,,2017-04-21,Other,28.0,Canada
330,Gilbert Smith,26.0,HR,108822.93,2017-09-16,Female,1.0,Germany
331,Sarah Curtis,37.0,Sales,49490.65,2017-06-15,Other,34.0,USA
332,David Garza,45.0,HR,119427.74,2015-12-15,Female,7.0,India
333,Sarah Sutton,40.0,Finance,71444.69,2024-04-21,Female,2.0,Germany
334,Michael Ewing,32.0,IT,50187.77,2017-12-12,Male,25.0,UK
335,Jerome Vang,50.0,Marketing,118297.95,2020-02-12,Female,10.0,USA
336,Aimee Golden,56.0,,106785.73,2019-06-12,Other,4.0,India
337,Nichole Reed,41.0,Marketing,100494.35,2019-11-30,Female,4.0,Canada
338,Adam Gomez,55.0,Marketing,118279.25,2024-09-19,Male,13.0,India
339,Todd Burton,22.0,,77040.31,2016-08-05,Female,18.0,UK
340,Denise Munoz,57.0,Finance,97527.52,2017-04-22,Male,11.0,Canada
341,Paul Klein,41.0,HR,73930.24,2023-08-15,Male,19.0,USA
342,Justin Garcia,28.0,Sales,70342.12,2020-05-10,Female,17.0,India
343,Robert Leach,30.0,Finance,58373.13,2018-07-02,Female,10.0,Germany
344,Rhonda Smith,38.0,Sales,76850.02,2015-10-16,Female,4.0,UK
345,Samantha Roy,29.0,HR,52409.71,2023-04-22,Male,19.0,India
346,Alan Kidd,28.0,Finance,55078.44,2015-03-01,Male,14.0,Germany
347,Judith Chambers,57.0,Marketing,,2016-08-24,Other,35.0,India
348,Megan Gray,31.0,Finance,101239.19,2015-10-25,Other,3.0,UK
349,Loretta Bates,39.0,Finance,42577.39,2021-03-12,Other,23.0,India
350,Cynthia Stanley,40.0,HR,92815.81,2024-09-08,Male,29.0,Canada
351,Kevin Malone,60.0,Marketing,89193.86,2018-02-22,Other,7.0,Canada
352,Kaitlyn Erickson,35.0,Marketing,114899.03,2015-05-23,Female,15.0,Germany
353,Tyler Benton,43.0,IT,111123.31,2015-02-15,Female,25.0,Canada
354,Megan Vasquez,35.0,IT,59253.3,2023-04-14,Female,16.0,USA
355,Alexis Taylor,38.0,Sales,45383.27,2016-11-25,Other,33.0,USA
356,Brady Lee,54.0,IT,87515.53,2018-03-13,Female,,India
357,Sandra Mcdonald,53.0,HR,75715.29,2019-12-25,Male,4.0,USA
358,John Lee,38.0,Finance,93761.89,2019-10-29,Male,25.0,USA
359,Annette Fowler,25.0,Marketing,109776.99,2018-05-16,Female,25.0,UK
360,Bethany West,27.0,Finance,59578.73,2021-06-02,Female,27.0,UK
361,Patrick Jackson,49.0,HR,43538.94,2018-11-03,Male,21.0,USA
362,Joel Martinez,,Finance,75117.02,2022-03-18,Female,4.0,UK
363,Charles White,24.0,Marketing,83180.78,2023-08-16,Male,1.0,USA
364,Mr. Preston Parks,22.0,IT,100350.86,2014-12-18,Other,17.0,Germany
365,Madison Gamble,43.0,Sales,102085.09,2022-08-09,Other,13.0,UK
366,Rachel Frank,30.0,Marketing,51210.85,2019-11-20,Male,29.0,USA
367,Ronald Lee,38.0,Marketing,119478.68,2021-02-08,Other,15.0,USA
368,Jason Mccarthy,32.0,Marketing,58732.92,2014-11-19,Other,24.0,India
369,Shannon Warren,50.0,Marketing,113311.76,2017-03-24,Male,,Germany
370,Angel Anderson,57.0,HR,86088.83,2023-02-17,Female,13.0,Germany
371,Michael Rogers,49.0,Marketing,,2019-03-26,Other,13.0,India
372,Ashley Logan,57.0,Finance,,2016-05-01,Female,19.0,India
373,Mr. Jonathon Casey,22.0,HR,105470.6,2017-11-08,Female,29.0,India
374,Charles Baker,29.0,IT,58952.32,2023-10-15,Other,12.0,Canada
375,Kevin Middleton,26.0,Finance,110100.67,2015-10-11,Female,5.0,USA
376,Maureen Cox,31.0,Finance,118855.64,2020-09-29,Female,12.0,Canada
377,Erik Cohen,56.0,Finance,81700.08,2020-11-16,Other,12.0,UK
378,Larry Malone,24.0,Finance,73084.82,2018-07-20,Other,33.0,India
379,Michelle Carpenter,45.0,HR,62012.31,2019-12-17,Female,8.0,USA
380,Alvin Bishop,59.0,IT,84537.45,2016-02-17,Female,25.0,USA
381,Walter Valdez,57.0,IT,87333.37,2021-04-15,Female,3.0,UK
382,Angel Williams,31.0,Marketing,98816.97,2015-08-15,Male,28.0,Germany
383,Elizabeth Campbell,49.0,Sales,54010.66,2021-08-21,Male,18.0,USA
384,Sarah Hill,30.0,HR,94300.01,2020-12-11,Female,17.0,Germany
385,Kathleen Moore,24.0,IT,84468.05,2022-05-04,Other,9.0,USA
386,Thomas Carey,41.0,HR,43750.73,2017-07-08,Male,11.0,Canada
387,Mark Taylor,45.0,HR,67553.19,2018-05-31,Male,17.0,India
388,Cody Lamb,24.0,Marketing,91465.29,2020-06-26,Female,1.0,Germany
389,Ashley Scott,44.0,IT,70492.37,2024-06-04,Male,22.0,Canada
390,Todd Ford,35.0,,81957.04,2020-12-24,Female,30.0,USA
391,Denise Turner,37.0,Sales,95704.67,2017-08-17,Other,10.0,India
392,Rebecca Rodriguez,28.0,Sales,72660.73,2018-01-29,Female,3.0,Canada
393,Erica Mason,44.0,Finance,63991.08,2021-03-04,Other,10.0,India
394,Kenneth Simpson,,IT,54710.32,2017-01-21,Male,21.0,USA
395,Laura Hancock,48.0,Finance,83034.26,2015-01-16,Male,4.0,USA
396,Ralph Brown,31.0,,59277.46,2020-10-16,Male,20.0,Canada
397,Steven Benson,37.0,Finance,58027.56,2017-01-06,Male,32.0,USA
398,John Bryant,,Marketing,108603.3,2023-12-21,Other,23.0,UK
399,Kevin Reeves,33.0,Marketing,51548.14,2015-10-08,Male,5.0,India
400,Andrew Reynolds,48.0,HR,77042.01,2018-05-11,Female,21.0,USA
401,Jason Hansen,23.0,HR,44609.91,2019-06-29,Other,34.0,USA
402,Gerald James,33.0,IT,73014.2,2016-05-09,Other,15.0,UK
403,Gregory Harper,43.0,IT,73320.63,2024-07-25,Male,12.0,India
404,George Mills,48.0,Marketing,82399.35,2020-02-21,Male,34.0,Germany
405,William Walton,37.0,HR,71073.52,2019-12-31,Other,5.0,UK
406,Shirley Keith,39.0,HR,60399.65,2022-11-12,Female,33.0,UK
407,Pamela Martin,32.0,Finance,66421.04,2021-01-03,Female,11.0,India
408,Mr. Kenneth Macdonald Jr.,28.0,Sales,46325.63,2024-08-13,Male,27.0,UK
409,Karen Stark,46.0,Sales,75982.95,2017-06-20,Male,35.0,India
410,Michael Young DDS,24.0,Sales,69686.2,2018-05-18,Male,,UK
411,Breanna Banks,52.0,Marketing,82850.84,2023-12-18,Other,26.0,India
412,Kristen Figueroa,,Sales,,2015-04-06,Female,6.0,India
413,Barbara Fisher,34.0,Sales,44122.93,2024-07-30,Other,23.0,Germany
414,Lindsay Kline,51.0,,70173.44,2016-04-11,Other,15.0,USA
415,Sharon West,44.0,IT,88397.56,2018-04-21,Female,14.0,India
416,Jerry Powell,41.0,Marketing,43163.8,2022-04-05,Other,22.0,Canada
417,Bryan Riddle,36.0,HR,45822.75,2016-06-02,Male,22.0,Germany
418,Amanda Hanson,36.0,Finance,104372.05,2020-02-02,Other,24.0,Germany
419,Kenneth Good,23.0,Sales,87006.7,2015-11-24,Other,19.0,USA
420,Brittany Gordon,34.0,HR,93716.04,2016-06-02,Female,14.0,UK
421,Linda Davis,,Finance,57361.32,2015-01-17,Other,34.0,UK
422,Lisa Walker,43.0,Marketing,56711.13,2021-11-13,Other,31.0,India
423,Brett Johnson,39.0,Sales,112562.63,2020-12-12,Male,1.0,Germany
424,Austin Taylor,26.0,Marketing,64255.04,2019-10-31,Other,8.0,India
425,Jodi Reynolds,39.0,Finance,112719.53,2015-04-09,Male,23.0,Canada
426,Sandra Rodgers,44.0,HR,56944.62,2015-11-14,Female,29.0,UK
427,Robert Jennings,54.0,IT,55201.9,2016-04-01,Other,16.0,India
428,Kimberly Shaw,47.0,Sales,99318.02,2015-07-18,Female,16.0,India
429,Scott Torres,56.0,Marketing,99750.34,2020-12-28,Male,3.0,Germany
430,Tim Owens,43.0,HR,100346.46,2021-09-06,Female,21.0,Canada
431,Tiffany Long,23.0,HR,113155.3,2019-02-18,Male,25.0,Canada
432,David Stewart,29.0,IT,95650.1,2020-07-25,Male,8.0,India
433,Stephanie Gonzales,38.0,Finance,96301.49,2016-03-20,Male,25.0,Canada
434,Devon Smith,33.0,IT,71730.56,2021-05-03,Male,17.0,Canada
435,Johnny Steele,59.0,IT,59146.48,2022-01-05,Other,35.0,Germany
436,Mrs. Connie Garrison MD,38.0,Finance,65729.2,2015-07-27,Male,19.0,Germany
437,Brendan Cobb,24.0,Finance,62644.74,2020-07-12,Male,2.0,Canada
438,Amber Odonnell,28.0,Finance,77300.04,2016-01-15,Other,34.0,India
439,Joshua Sanchez,60.0,HR,91897.71,2020-06-29,Female,24.0,UK
440,Nicholas Thompson,49.0,HR,,2020-11-30,Male,33.0,India
441,Michael Powers,44.0,Sales,68771.57,2022-07-15,Female,33.0,India
442,Sharon Jordan,42.0,Sales,110624.96,2022-07-25,Other,29.0,UK
443,Ryan Small,49.0,IT,77280.33,2021-06-29,Male,32.0,Germany
444,Andre David,60.0,IT,104225.33,2015-07-08,Male,3.0,India
445,Christine Garcia,,Sales,97793.09,2019-10-08,Female,19.0,Canada
446,David French,29.0,Marketing,100930.32,2018-03-07,Other,13.0,Canada
447,Danielle Adams,46.0,IT,65618.66,2018-01-24,Male,21.0,Germany
448,Spencer Kirby,58.0,Marketing,56250.2,2024-10-11,Female,33.0,Germany
449,Megan Taylor,34.0,Marketing,65033.76,2022-03-29,Male,6.0,Germany
450,Joshua Koch,38.0,Finance,43657.24,2021-08-31,Male,7.0,USA
451,Joseph Mcgrath,24.0,HR,109126.79,2022-05-12,Male,11.0,USA
452,Jessica Dickson,49.0,Sales,99300.19,2022-07-13,Other,35.0,Canada
453,Craig Evans,22.0,HR,41297.59,2016-11-05,Other,35.0,India
454,Christopher Hancock,55.0,Sales,84264.93,2018-01-25,Male,1.0,USA
455,Mrs. Jennifer Williams,56.0,HR,86722.55,2019-01-26,Male,5.0,India
456,Melody Weber,34.0,Sales,97600.96,2016-11-12,Other,14.0,UK
457,Morgan Hansen,,HR,63615.38,2017-03-25,Female,14.0,Canada
458,Laura Valentine,49.0,Finance,55695.34,2021-07-07,Male,28.0,USA
459,Dean Ruiz,26.0,Marketing,58401.49,2023-02-24,Female,7.0,Canada
460,Gavin Taylor,43.0,Sales,85583.16,2017-08-16,Other,14.0,UK
461,Lori Drake,42.0,Marketing,59658.4,2024-02-22,Other,35.0,UK
462,Michael Ortiz,29.0,Sales,84051.4,2021-07-09,Female,28.0,Canada
463,Tommy Garcia,41.0,Sales,115477.16,2024-04-17,Other,5.0,USA
464,Joseph Crawford,54.0,Finance,67005.14,2015-12-15,Male,10.0,Canada
465,Kelly Boyer,41.0,HR,101068.85,2021-07-22,Female,2.0,India
466,Heather Morrow,48.0,Sales,79089.69,2016-01-04,Female,30.0,India
467,Kelly Thompson,42.0,HR,97884.64,2015-09-30,Female,22.0,India
468,Bradley Williams,,Finance,99167.53,2021-12-06,Male,3.0,India
469,Joann Smith,40.0,IT,76866.32,2016-03-23,Male,,India
470,Sarah Rose,,Marketing,98621.78,2022-04-08,Other,5.0,UK
471,Sarah Price,30.0,Sales,68174.09,2023-08-29,Female,4.0,USA
472,Stephen Kent,34.0,,51196.68,2015-04-19,Other,12.0,USA
473,John Clark,48.0,,83723.71,2021-09-06,Female,17.0,Germany
474,Amy Malone,46.0,Sales,54723.82,2015-05-21,Other,5.0,Canada
475,Rachel Richards,33.0,HR,111149.16,2015-12-04,Female,15.0,UK
476,Tina Garcia,58.0,IT,119225.88,2021-12-01,Male,17.0,UK
477,Eric Patrick,41.0,Sales,116578.95,2019-05-20,Other,27.0,Canada
478,Diana Randolph,47.0,Marketing,81915.55,2015-03-31,Other,25.0,Canada
479,James Thomas,57.0,Sales,107125.48,2021-06-09,Other,29.0,India
480,Erica Lynch,22.0,Marketing,45946.43,2023-09-13,Other,26.0,UK
481,Tony Evans,41.0,,105439.67,2023-01-30,Female,28.0,UK
482,Eric Sanchez,40.0,Sales,43881.15,2016-01-30,Male,21.0,Canada
483,Rachel Fuller,35.0,Finance,40510.71,2017-02-03,Other,2.0,Canada
484,Dustin Johnson,49.0,Finance,50999.32,2021-10-15,Other,25.0,USA
485,Rebekah Thompson,59.0,IT,90456.13,2017-10-24,Male,8.0,India
486,Robin Smith,,Finance,45437.44,2018-07-27,Female,35.0,Germany
487,Ryan Garcia,42.0,IT,52082.37,2024-06-13,Female,1.0,India
488,Mitchell Meyers,51.0,HR,57497.57,2016-12-13,Other,5.0,UK
489,Robert Adams,50.0,Marketing,76480.77,2021-12-02,Other,3.0,USA
490,Michael Ponce,50.0,HR,44836.01,2017-02-05,Female,5.0,Canada
491,Keith Riley,35.0,Marketing,91018.29,2021-06-02,Male,23.0,Germany
492,Debra Shannon,54.0,Marketing,114712.3,2018-12-22,Male,33.0,UK
493,Sonya Torres,52.0,IT,113020.12,2017-07-21,Other,7.0,Germany
494,Victoria Hernandez,32.0,Finance,92742.75,2024-10-07,Male,19.0,India
495,Logan Stuart,27.0,Finance,41258.54,2014-12-10,Other,20.0,USA
496,Jessica Gibson,40.0,IT,82577.0,2022-07-04,Other,,India
497,Angel Salinas,54.0,IT,72907.08,2017-08-18,Female,19.0,Canada
498,Matthew Bishop,43.0,HR,41338.09,2016-03-16,Other,29.0,USA
499,Kathryn Wiley DDS,27.0,IT,97775.42,2020-04-11,Male,25.0,India
500,Julie Rivers,37.0,Finance,,2017-01-24,Male,26.0,Germany
501,Susan Lewis,41.0,IT,62935.08,2019-01-09,Other,2.0,USA
502,Tina Landry,36.0,IT,80177.28,2018-04-10,Female,31.0,USA
503,Stacey Walsh,34.0,Marketing,95828.73,2023-04-30,Other,11.0,Canada
504,Cheryl Castillo,31.0,IT,74445.86,2022-11-20,Male,35.0,Canada
505,Alyssa Powers,23.0,HR,115176.95,2018-04-22,Other,15.0,Germany
506,Laurie Petty,24.0,IT,54341.35,2018-10-09,Other,,Germany
507,Cameron Smith,37.0,Sales,113443.91,2014-12-23,Male,26.0,USA
508,Tyler Sanchez,52.0,Sales,81950.83,2015-12-09,Female,35.0,UK
509,Edward Murray,26.0,Marketing,59277.51,2023-01-06,Male,19.0,India
510,Mark Duran,51.0,Marketing,89582.47,2017-09-22,Female,10.0,USA
511,Mark Watson,48.0,Sales,60193.46,2022-08-03,Other,20.0,Germany
512,Pamela Fuentes,58.0,Marketing,68355.29,2021-09-22,Male,24.0,USA
513,Dr. Heather Dixon,34.0,,103594.91,2019-07-03,Male,1.0,Canada
514,Mary Brown,46.0,Finance,,2017-12-06,Female,10.0,India
515,Nathan Castillo,53.0,Finance,116743.82,2023-10-18,Female,8.0,USA
516,Brian Daniels,47.0,IT,76719.82,2019-11-07,Male,3.0,Canada
517,Barbara Lee,37.0,Sales,59456.63,2015-05-10,Other,1.0,India
518,Anna Miller,31.0,HR,95778.91,2016-06-03,Male,26.0,India
519,Jeanne Stein,22.0,Sales,63997.97,2018-02-15,Other,35.0,UK
520,Diane Howard,,Sales,106244.97,2015-04-29,Other,6.0,Canada
521,Chelsea Rodriguez,49.0,Finance,46449.35,2019-06-06,Other,20.0,India
522,William Webb,36.0,Finance,,2023-09-28,Other,14.0,UK
523,Brittany Ross,33.0,Marketing,91991.56,2019-06-25,Female,23.0,UK
524,Tamara Bennett,55.0,HR,42534.76,2023-04-18,Female,14.0,USA
525,Justin Gray,51.0,,72422.26,2019-08-26,Male,27.0,Germany
526,Patrick Goodwin,25.0,Marketing,70173.57,2024-09-04,Female,33.0,Germany
527,Tracy Richards,57.0,HR,78080.41,2015-09-13,Male,10.0,India
528,Natalie Scott,37.0,,,2014-10-29,Male,11.0,India
529,Jody Murray,29.0,Sales,96227.61,2016-10-23,Other,12.0,India
530,Michelle Holmes,51.0,Sales,46614.89,2014-12-31,Male,15.0,USA
531,Michael Brown,30.0,HR,107626.38,2022-03-31,Female,17.0,UK
532,Ruben Conner,51.0,HR,91592.58,2022-05-11,Female,13.0,Germany
533,Rhonda Collins,,Finance,66501.65,2018-04-08,Male,,Canada
534,Ashley Young,57.0,Finance,118186.34,2024-07-06,Other,12.0,Germany
535,Cynthia Palmer,60.0,HR,117907.18,2023-06-24,Male,4.0,UK
536,Susan Hendrix,42.0,HR,111583.3,2019-01-23,Male,30.0,UK
537,Anna Hart,50.0,Marketing,113532.18,2015-10-12,Female,5.0,Canada
538,Joe Gutierrez,54.0,Marketing,58381.32,2018-05-24,Female,19.0,USA
539,Matthew Burke,49.0,Marketing,112101.84,2020-03-05,Other,5.0,Germany
540,Evelyn Young,57.0,Sales,95383.02,2019-09-19,Female,17.0,India
541,Shelley Delgado,50.0,Sales,85342.73,2023-12-29,Male,7.0,USA
542,Patricia Jordan,32.0,Marketing,61687.6,2021-08-16,Female,13.0,India
543,Micheal Perkins,52.0,Marketing,113932.74,2016-04-20,Female,32.0,Germany
544,Brenda Phillips,50.0,HR,94754.3,2017-08-29,Female,22.0,Canada
545,Terry Wiley,38.0,Sales,62429.84,2021-05-20,Female,23.0,USA
546,Bonnie Haney,37.0,Marketing,83442.46,2017-08-31,Other,9.0,Germany
547,Anna Evans,39.0,IT,92648.74,2019-07-08,Female,16.0,India
548,Tanya Lee,55.0,Finance,54348.36,2020-06-17,Male,7.0,Germany
549,Gerald Ramos,53.0,Marketing,108034.21,2015-05-03,Female,19.0,UK
550,Kristin Robinson,37.0,Sales,,2018-11-26,Other,5.0,UK
551,Scott Meadows,39.0,Marketing,56572.65,2017-10-28,Other,13.0,Germany
552,Cynthia Miller,50.0,IT,51535.32,2018-05-31,Other,21.0,India
553,Lisa Choi,26.0,HR,105655.26,2023-03-16,Male,32.0,UK
554,Daniel Welch,40.0,Sales,105672.19,2023-01-17,Male,29.0,Germany
555,Robert Salazar,37.0,HR,114310.0,2018-01-07,Female,22.0,Germany
556,Susan Leonard,39.0,,63942.15,2015-05-25,Male,20.0,India
557,Sally Hamilton,43.0,HR,85116.66,2018-10-10,Male,10.0,UK
558,Brian Velasquez,42.0,Marketing,85335.67,2016-01-24,Female,24.0,India
559,Hector Stevens,56.0,IT,107955.39,2022-11-08,Male,21.0,India
560,Brett Payne,27.0,HR,94162.8,2023-05-20,Female,28.0,India
561,Julie Lutz,30.0,IT,83244.99,2018-06-23,Female,11.0,UK
562,Vincent Lynch,31.0,Sales,70707.7,2024-01-18,Male,1.0,UK
563,Thomas Munoz,,Sales,99179.61,2015-12-27,Male,21.0,USA
564,Jordan Owens,46.0,Marketing,103239.85,2022-11-29,Female,16.0,Canada
565,Ellen King,31.0,Marketing,95144.84,2020-09-13,Male,,Germany
566,William Allen,35.0,Marketing,46274.22,2018-06-05,Female,28.0,Canada
567,Timothy Ellis,26.0,IT,99636.52,2019-12-31,Male,18.0,India
568,Jeffrey Cook,48.0,Finance,67668.76,2019-07-13,Other,,USA
569,David Ortiz,48.0,Finance,47814.86,2020-07-11,Male,9.0,USA
570,Steven Harper,43.0,Finance,58571.52,2023-09-05,Other,22.0,Germany
571,Connie Perez,56.0,Sales,46081.46,2020-10-22,Male,31.0,Germany
572,Karen Gilbert,51.0,Sales,88413.5,2019-01-01,Female,30.0,Canada
573,Joshua Vasquez,48.0,Finance,89109.22,2014-12-27,Other,29.0,Canada
574,Paul Jones,25.0,Marketing,87648.69,2019-07-05,Other,23.0,UK
575,Matthew Ochoa,35.0,HR,117513.64,2024-03-09,Female,20.0,Canada
576,Nicole Mitchell DDS,48.0,Finance,66110.13,2020-12-19,Other,32.0,Canada
577,Dr. Craig Miller,46.0,HR,90729.84,2020-04-08,Male,7.0,India
578,Jasmine Blankenship,59.0,Finance,102683.85,2018-07-17,Female,12.0,USA
579,Lori Hernandez,23.0,HR,76044.02,2015-09-19,Other,6.0,Canada
580,Alexandra Navarro,58.0,Marketing,58251.07,2018-09-28,Male,18.0,UK
581,Dennis Robertson,46.0,Sales,84243.02,2014-12-09,Other,9.0,Canada
582,Allen Bowman,52.0,Finance,70034.16,2014-11-19,Female,35.0,India
583,Tracy Hall,22.0,Finance,54859.03,2016-01-30,Male,13.0,Germany
584,Jennifer Griffith,44.0,Marketing,86870.01,2017-06-01,Male,17.0,India
585,Melissa Bartlett,41.0,IT,,2021-06-21,Male,5.0,UK
586,Sean Johnson Jr.,46.0,Finance,101773.39,2015-03-26,Female,5.0,Germany
587,Sandra Hobbs,48.0,,63630.36,2023-01-25,Male,,USA
588,Sarah Hawkins,56.0,Marketing,59715.98,2023-01-13,Male,33.0,UK
589,Jennifer Daniels,56.0,IT,45880.53,2016-04-26,Female,2.0,UK
590,Michael Young,60.0,Finance,61437.76,2019-08-04,Other,26.0,Canada
591,Joy Obrien,36.0,Finance,70400.0,2020-10-12,Other,14.0,UK
592,Jeffrey Griffin,53.0,Sales,102711.22,2019-04-03,Other,,USA
593,Alison Winters,36.0,IT,52342.15,2014-12-28,Other,17.0,USA
594,Mark Ayers,39.0,Marketing,71169.76,2023-10-12,Other,35.0,USA
595,Aaron Alexander,49.0,,68856.02,2017-02-20,Female,35.0,UK
596,Alexandra James,53.0,Finance,47321.63,2022-04-06,Other,31.0,India
597,Kayla Lopez,23.0,Marketing,115436.82,2019-02-17,Female,10.0,UK
598,Lori Frank,46.0,Sales,75578.87,2016-05-13,Female,24.0,Canada
599,James Sanchez,43.0,Finance,100907.72,2023-08-06,Male,26.0,USA
600,Daniel Thompson,47.0,IT,48178.51,2020-05-02,Male,15.0,Canada
601,Alyssa Martinez,32.0,Marketing,46983.78,2015-05-14,Male,19.0,USA
602,Patrick Davis,51.0,HR,,2018-06-22,Female,9.0,Canada
603,Kelly Smith,30.0,Sales,84558.8,2018-12-26,Other,,Germany
604,Jodi Williams,56.0,Marketing,80995.27,2015-08-22,Other,,Germany
605,Holly Garcia,23.0,Finance,48263.43,2017-05-17,Female,33.0,USA
606,Randy Dalton,47.0,HR,47169.51,2018-04-28,Male,6.0,Canada
607,Andrew Russell,59.0,Finance,84337.58,2019-09-27,Male,26.0,UK
608,Patrick Winters,58.0,Finance,87753.96,2019-07-09,Female,24.0,India
609,Darryl Poole,23.0,IT,102755.1,2019-10-24,Male,33.0,UK
610,Alicia Ellison,27.0,IT,109097.45,2016-10-18,Female,1.0,UK
611,Sandra Lee,49.0,Finance,40987.25,2024-05-28,Male,,India
612,Donald Spence,30.0,Sales,73104.81,2024-05-09,Female,11.0,India
613,Lisa Mack,51.0,IT,102333.53,2016-11-08,Other,,Canada
614,Christopher Evans,33.0,IT,97987.51,2021-07-22,Other,9.0,India
615,Joseph Rogers,25.0,IT,84762.92,2023-10-02,Other,29.0,Germany
616,Karina Hughes,38.0,IT,119418.42,2018-09-11,Female,11.0,India
617,Philip Moreno,46.0,HR,59419.4,2016-05-21,Male,12.0,UK
618,Debbie Reid,42.0,Finance,81688.36,2017-02-13,Male,10.0,USA
619,Anthony Collins,35.0,HR,94825.28,2022-12-25,Male,31.0,Germany
620,David Parker,51.0,Marketing,53560.14,2018-03-22,Male,23.0,India
621,Thomas Beasley,42.0,Marketing,61513.52,2019-03-08,Male,3.0,India
622,Kaitlyn Cruz,43.0,Marketing,,2023-04-06,Other,15.0,USA
623,Michele Mendez,46.0,HR,51674.79,2017-12-25,Female,32.0,Canada
624,William Ross,39.0,Finance,53376.59,2019-01-13,Male,15.0,UK
625,Christopher Reyes,48.0,Marketing,62076.95,2022-11-23,Female,5.0,USA
626,Eric Moore,38.0,IT,63980.18,2024-09-30,Male,17.0,Canada
627,Monica Spence,27.0,Marketing,,2024-06-09,Female,24.0,UK
628,Lauren Turner,52.0,Sales,68889.99,2019-04-28,Female,15.0,India
629,Cindy Young,23.0,IT,115537.78,2023-10-23,Female,3.0,Canada
630,Caitlin Williams,56.0,IT,97671.96,2018-12-14,Female,14.0,USA
631,Kristina Ruiz,25.0,,79664.19,2023-04-08,Other,34.0,Germany
632,Alicia Perry,44.0,Marketing,89333.5,2018-12-21,Female,24.0,USA
633,Brian Anderson,36.0,IT,76628.93,2017-11-10,Male,25.0,USA
634,Kathleen Saunders,,Sales,50839.16,2022-11-02,Other,31.0,Germany
635,Erin Sims,24.0,HR,40541.39,2020-07-20,Other,,Canada
636,Eddie Mercer,23.0,Sales,71655.36,2023-06-15,Female,3.0,Canada
637,Tara Crosby,37.0,Finance,,2015-04-24,Male,3.0,USA
638,Arthur Bowman,34.0,IT,70391.2,2019-07-08,Female,21.0,USA
639,Scott Yu,23.0,Sales,108975.86,2021-09-17,Female,7.0,Canada
640,Abigail Smith,31.0,Marketing,75217.83,2016-07-16,Female,34.0,Germany
641,William Clark,37.0,Finance,74449.3,2020-09-24,Male,18.0,UK
642,Mr. Ethan Brock MD,30.0,Sales,105882.82,2022-08-16,Female,17.0,Germany
643,Jacqueline Jackson,52.0,IT,92082.95,2021-09-24,Male,,India
644,Alison Little,29.0,Marketing,87551.43,2022-08-20,Female,12.0,USA
645,Sarah Camacho,58.0,IT,64034.82,2015-04-18,Female,25.0,Canada
646,Adriana Barron,35.0,Finance,88256.9,2014-12-25,Female,25.0,Germany
647,Anita Miller,51.0,Sales,95623.38,2016-02-02,Female,24.0,India
648,Martin Moore,38.0,IT,78320.78,2016-06-10,Male,5.0,India
649,Scott Davidson,45.0,Finance,54210.98,2021-02-04,Female,34.0,USA
650,Paul Mejia,32.0,Marketing,71859.17,2016-08-22,Other,17.0,UK
651,Holly Estrada,60.0,Sales,65531.01,2022-05-30,Male,25.0,UK
652,Steven Gomez,60.0,Sales,98789.95,2023-05-24,Male,,India
653,Elizabeth Miller,29.0,Finance,90632.2,2016-03-03,Other,34.0,Germany
654,Henry Davis,32.0,Sales,117421.05,2020-03-11,Other,26.0,India
655,Scott Stephenson,41.0,Marketing,102557.95,2023-02-16,Male,23.0,USA
656,Thomas Mays,28.0,Marketing,66070.9,2016-03-27,Male,23.0,USA
657,Rachel Payne,59.0,Sales,62424.01,2023-09-04,Other,32.0,UK
658,Kaitlin Alexander,23.0,IT,102869.32,2016-11-26,Female,31.0,India
659,Ana Evans,41.0,IT,69201.24,2024-01-21,Other,1.0,Canada
660,Erin Singh,58.0,Marketing,114565.37,2020-05-18,Female,33.0,Canada
661,Kelly Brown,46.0,IT,,2020-05-10,Other,9.0,Germany
662,Tracey Parsons,47.0,Finance,119781.19,2018-03-28,Male,29.0,Germany
663,Jerry Patterson,34.0,HR,54394.18,2020-07-25,Other,11.0,UK
664,Keith Todd,26.0,,101409.43,2023-10-17,Male,15.0,USA
665,Anthony Gonzalez,59.0,Finance,42153.29,2024-02-01,Female,5.0,Canada
666,Mrs. Diana Decker,37.0,Marketing,98177.07,2020-08-21,Other,33.0,Canada
667,Dennis Jimenez,28.0,,115437.99,2021-04-19,Female,18.0,Canada
668,Tina Patel,41.0,Marketing,56771.87,2021-12-16,Other,14.0,Canada
669,Lindsay Navarro,60.0,HR,103814.84,2017-05-24,Other,10.0,UK
670,Andrew Walton,29.0,Finance,106502.54,2022-05-27,Female,12.0,India
671,Miss Tonya King,58.0,HR,45532.69,2017-07-25,Other,11.0,Canada
672,Tammy Jones,24.0,IT,107823.03,2016-04-27,Male,24.0,USA
673,Melissa Roberts,44.0,Finance,103603.65,2023-02-16,Female,8.0,Canada
674,Logan Garcia,56.0,Sales,93838.21,2017-04-15,Female,15.0,Germany
675,Heather Cannon,49.0,Marketing,51134.33,2019-03-01,Male,27.0,USA
676,Sheila Barnett,45.0,IT,64226.61,2024-03-30,Female,22.0,India
677,Victoria Wells,26.0,Sales,60214.53,2014-12-21,Other,8.0,Canada
678,Andre Wilson,54.0,HR,52331.46,2023-11-27,Male,31.0,UK
679,Nicholas Rodriguez,43.0,IT,,2023-03-30,Other,31.0,UK
680,Kathryn Ballard,22.0,Sales,70159.27,2024-07-10,Other,31.0,Canada
681,Robert Palmer,48.0,Finance,75925.34,2021-08-23,Other,14.0,Germany
682,Brittany Williams,53.0,,87834.71,2019-03-04,Other,11.0,UK
683,Allison Davis,28.0,Sales,86579.52,2016-02-14,Other,27.0,USA
684,Denise Mitchell,49.0,HR,82749.39,2024-03-04,Other,2.0,Germany
685,Sarah Hall,45.0,Sales,113879.66,2020-09-07,Male,16.0,India
686,Johnny Stein,,Marketing,109570.7,2021-02-05,Male,3.0,India
687,Madison Williams,31.0,Finance,73464.06,2021-05-02,Female,9.0,UK
688,Lauren Johnson,49.0,IT,,2014-11-28,Male,11.0,Germany
689,Julia Noble,33.0,,117474.24,2022-03-01,Male,9.0,UK
690,Nathan Martin,55.0,HR,96130.74,2024-09-23,Male,33.0,India
691,Daniel Donaldson,39.0,Finance,104983.76,2024-06-25,Male,3.0,UK
692,Andrew Smith,56.0,IT,87505.6,2024-06-20,Male,10.0,Germany
693,Amanda Miller,,HR,113152.1,2020-06-16,Male,4.0,Canada
694,Desiree Meyer,51.0,Finance,48749.55,2014-12-02,Female,11.0,India
695,Sierra Johns,49.0,HR,59858.48,2017-06-17,Male,,Canada
696,Robert Campbell,59.0,Finance,93175.51,2023-12-25,Other,12.0,Germany
697,Steven Sherman,39.0,IT,53307.08,2022-09-21,Female,34.0,India
698,Ryan Williams,42.0,IT,89014.23,2022-12-06,Male,26.0,UK
699,Tammy Bailey,37.0,HR,85057.62,2024-10-15,Other,2.0,UK
700,Brian Bell,,Finance,91602.5,2021-04-28,Male,19.0,UK
701,Lori Roth,39.0,Sales,91739.49,2019-04-16,Other,6.0,India
702,Amber Williams PhD,50.0,IT,117344.89,2021-05-19,Female,14.0,India
703,Jennifer Carroll,37.0,Sales,66527.74,2021-05-17,Female,29.0,UK
704,Jill Martinez,51.0,Sales,103698.49,2024-04-28,Other,31.0,UK
705,Susan Wright,58.0,Marketing,48475.56,2022-02-04,Male,31.0,Canada
706,Michael Bradley,46.0,,47888.52,2020-12-27,Male,11.0,India
707,Nicholas Perez,43.0,HR,57760.09,2024-09-21,Female,15.0,UK
708,Mark Colon,23.0,HR,99748.24,2016-01-15,Other,27.0,Germany
709,Jeffrey Fletcher,53.0,Finance,84639.47,2017-05-31,Female,10.0,UK
710,Joseph Herring,42.0,IT,95013.15,2014-11-18,Other,12.0,India
711,Sara Luna,33.0,IT,57682.54,2016-10-05,Female,33.0,UK
712,Brenda Martinez,53.0,Marketing,69929.57,2019-01-23,Female,17.0,Canada
713,Nicole Fuller,35.0,Marketing,77045.06,2016-05-28,Other,11.0,USA
714,Russell Long,44.0,Marketing,94364.44,2019-10-14,Female,22.0,India
715,Colleen Walsh,38.0,Sales,95234.98,2020-06-17,Male,30.0,India
716,Mark Coleman,43.0,HR,52059.59,2015-03-29,Other,5.0,USA
717,Collin Jones,39.0,Finance,119816.22,2016-08-03,Other,15.0,UK
718,Mark Bond,60.0,IT,78621.69,2020-02-24,Other,25.0,Canada
719,Molly Hughes,39.0,Finance,63634.58,2016-05-01,Other,25.0,UK
720,Larry Rich,57.0,HR,113643.8,2018-08-23,Female,9.0,USA
721,Joshua Baldwin,22.0,HR,46868.38,2023-03-07,Male,7.0,Canada
722,Randy Todd,55.0,IT,106505.42,2015-11-29,Female,2.0,Germany
723,Christina Peterson,34.0,Sales,98412.06,2021-10-25,Male,13.0,Germany
724,Kelly Nash,27.0,Marketing,67866.29,2021-12-17,Male,34.0,Canada
725,Toni Green,37.0,Sales,67445.33,2024-09-10,Other,33.0,Germany
726,Sandra Burke,48.0,HR,102741.6,2016-11-24,Other,27.0,Canada
727,Timothy Boone,53.0,HR,81689.19,2021-01-08,Other,10.0,UK
728,Tiffany Bell,57.0,Sales,67864.02,2024-01-28,Male,7.0,UK
729,Brian Riley,37.0,Marketing,47809.84,2023-10-06,Male,12.0,USA
730,Charles Mann,,Marketing,97759.52,2016-01-04,Other,31.0,UK
731,Sean King PhD,53.0,HR,76195.78,2024-01-26,Male,3.0,UK
732,Robert Bennett,50.0,Marketing,45373.95,2022-09-08,Female,35.0,USA
733,Melissa Mathews,23.0,,43574.64,2016-04-16,Other,33.0,India
734,Katherine Burgess,27.0,IT,96862.32,2015-01-09,Female,8.0,India
735,Jennifer Peterson,40.0,IT,41806.81,2015-06-01,Female,6.0,Canada
736,Xavier Braun,36.0,Finance,67446.24,2020-04-28,Female,31.0,India
737,Rebecca Campbell,47.0,Sales,48749.01,2017-03-20,Female,9.0,India
738,Joann Small,37.0,HR,,2021-09-14,Other,35.0,India
739,Tammie Moore,,Marketing,114393.8,2022-12-27,Female,1.0,UK
740,Betty Alexander,,Finance,99239.16,2015-10-06,Other,28.0,India
741,Sarah Kelly,45.0,IT,,2020-05-21,Other,34.0,UK
742,Holly Mckenzie,52.0,Marketing,84152.82,2023-05-27,Female,27.0,UK
743,Theresa Rodriguez,57.0,Sales,66479.17,2020-04-08,Male,24.0,USA
744,Jamie Rojas,55.0,IT,74109.55,2016-05-05,Male,3.0,Canada
745,Ian Booth,44.0,HR,76964.33,2019-10-23,Female,34.0,USA
746,Stacy Warren,,Marketing,103820.46,2018-05-11,Female,28.0,Germany
747,Keith Aguilar,57.0,Finance,90380.83,2023-12-17,Male,15.0,UK
748,Laura Young,43.0,HR,54910.95,2024-10-15,Other,31.0,India
749,Jessica Sanders,44.0,Marketing,92584.63,2018-01-04,Other,25.0,India
750,Michael Howard,51.0,Marketing,71646.59,2015-12-24,Other,23.0,Germany
751,Savannah Turner,39.0,,98991.07,2022-03-23,Other,7.0,Canada
752,Wayne Armstrong,41.0,Marketing,110647.79,2016-10-28,Female,28.0,UK
753,Susan Cortez,38.0,Marketing,75966.0,2022-11-04,Male,9.0,Germany
754,Richard Gardner,36.0,HR,74364.23,2024-08-29,Female,17.0,Germany
755,Sara Flores,29.0,Sales,40356.0,2016-11-10,Female,31.0,Germany
756,Jasmine Jones,34.0,Sales,57183.69,2023-12-06,Other,15.0,UK
757,Mariah Martinez,42.0,HR,62267.59,2019-07-05,Male,6.0,UK
758,Joanne Price,29.0,Sales,96300.78,2016-12-19,Male,19.0,UK
759,Jessica Montgomery,56.0,Finance,103680.64,2018-08-11,Other,35.0,UK
760,Richard Rios,33.0,Finance,86187.83,2018-11-25,Female,27.0,USA
761,Mary Wilson,34.0,HR,103960.19,2015-01-21,Female,17.0,Germany
762,Vanessa Gonzales,35.0,Finance,,2015-10-19,Female,13.0,USA
763,Taylor Harrell,52.0,HR,69263.44,2023-06-18,Male,1.0,Canada
764,Caroline Day,39.0,Finance,55765.94,2023-06-12,Female,1.0,Germany
765,David Orr,59.0,IT,49116.4,2022-03-22,Female,34.0,UK
766,Mrs. Victoria Phillips DVM,55.0,HR,93656.11,2018-06-05,Female,8.0,UK
767,Matthew Moore,60.0,,79158.72,2016-06-29,Female,34.0,UK
768,Frank Allen,40.0,Finance,117273.31,2020-03-28,Female,1.0,USA
769,Judith Vasquez,28.0,IT,65072.33,2020-11-05,Other,25.0,UK
770,Mary Rodriguez,34.0,,71091.14,2018-02-10,Other,14.0,Germany
771,Adam Yoder,40.0,Finance,71403.52,2020-03-13,Male,21.0,India
772,Laura Floyd,36.0,Marketing,49138.57,2019-11-09,Male,27.0,Germany
773,Heather Brown,45.0,Finance,68158.79,2019-04-04,Male,24.0,Canada
774,Jonathan Dixon,33.0,IT,76628.85,2020-08-16,Female,7.0,Germany
775,Kimberly Young,41.0,Sales,53802.2,2019-07-04,Other,10.0,UK
776,Vanessa Morgan,22.0,Sales,93887.11,2021-02-09,Female,28.0,Germany
777,Kayla Bradley,56.0,IT,104049.07,2018-03-24,Female,17.0,Germany
778,Jennifer Williams,30.0,IT,113494.61,2023-08-17,Female,17.0,USA
779,Aaron Jones,39.0,HR,87213.47,2016-07-15,Other,35.0,India
780,Curtis Jones,24.0,Sales,93768.81,2014-10-22,Female,,Germany
781,Jennifer Fernandez,25.0,HR,65054.86,2023-08-26,Other,24.0,Canada
782,Taylor Davis,57.0,,59085.82,2022-01-08,Other,18.0,Germany
783,Mary Kelly,40.0,IT,49355.91,2016-01-03,Male,26.0,India
784,Deanna Lynch,30.0,HR,69864.49,2022-03-05,Male,14.0,India
785,Julie Rodriguez,53.0,IT,51308.68,2016-11-28,Female,27.0,India
786,Eric Snyder,28.0,HR,71077.06,2020-06-22,Male,31.0,India
787,Faith Terry,22.0,Finance,87714.07,2018-08-06,Female,12.0,India
788,Mrs. Crystal Buchanan,58.0,Finance,85984.48,2018-05-29,Other,24.0,USA
789,Natalie Jones,40.0,Marketing,73843.1,2023-08-09,Female,31.0,India
790,Eric Bean,52.0,Sales,78933.62,2016-08-17,Other,17.0,USA
791,Harold Thomas,52.0,Marketing,82990.34,2022-09-29,Female,20.0,Germany
792,Cody Travis,50.0,Sales,113532.88,2023-02-03,Male,23.0,Germany
793,Dillon Miller,43.0,Finance,114455.6,2019-09-06,Other,26.0,USA
794,Teresa Black,33.0,HR,53858.78,2020-06-14,Male,9.0,UK
795,Lindsay Carey,25.0,IT,53349.24,2022-05-24,Male,8.0,India
796,Jordan Clark,38.0,Finance,63106.78,2023-06-04,Female,,India
797,Kevin Hamilton,52.0,Finance,54967.89,2015-05-19,Other,29.0,Germany
798,Yvonne Boone,29.0,HR,107358.82,2015-08-11,Other,11.0,USA
799,Elizabeth Russell,26.0,Finance,89552.8,2017-04-04,Female,7.0,India
800,Jonathan Warren,47.0,Finance,109241.78,2017-11-22,Male,14.0,Germany
801,Karen Leonard,53.0,HR,116147.36,2017-03-09,Other,33.0,India
802,Jennifer Meyer,26.0,Finance,78768.71,2016-11-23,Other,26.0,USA
803,Mitchell Lopez,58.0,Sales,55610.28,2020-05-12,Male,22.0,UK
804,Kimberly Hampton,25.0,,70715.53,2019-05-26,Male,4.0,Canada
805,Juan Long,31.0,Sales,84926.57,2020-05-02,Male,11.0,Germany
806,Sherri Ray,31.0,Sales,92245.58,2017-11-21,Male,25.0,Germany
807,Stephanie Rose,58.0,Finance,72730.75,2021-11-19,Male,1.0,Canada
808,Brianna Green,41.0,IT,79338.07,2014-11-14,Male,6.0,Canada
809,Christopher Bowen,27.0,Sales,96811.39,2017-08-04,Male,10.0,Germany
810,Lori Lawson,37.0,Sales,75508.14,2022-08-10,Female,31.0,UK
811,Alexander Sanders,29.0,Finance,53380.28,2023-11-03,Male,28.0,Germany
812,Nicholas Evans,57.0,Marketing,,2014-12-24,Female,6.0,Canada
813,Victor Johnson,,Finance,103670.47,2017-11-23,Other,5.0,India
814,Jill Cannon,60.0,HR,57642.36,2021-07-18,Male,17.0,USA
815,Anna Fuller,60.0,Sales,42615.61,2020-10-05,Female,15.0,India
816,Renee Ferguson,36.0,HR,57987.47,2022-09-23,Female,24.0,UK
817,Anthony Nunez,55.0,Sales,63093.62,2019-02-07,Female,6.0,Germany
818,Nathan Horton,46.0,Marketing,102459.22,2021-05-13,Other,3.0,Germany
819,Andrew Wright,50.0,IT,85252.04,2020-10-04,Female,25.0,USA
820,Anne Brown,50.0,Marketing,101803.81,2015-02-07,Other,26.0,India
821,Brian Miller,41.0,Finance,79625.07,2015-10-25,Male,34.0,USA
822,Tracey Jones,59.0,Finance,80864.48,2019-09-19,Other,19.0,UK
823,Michelle Arellano,49.0,HR,85817.12,2015-08-19,Male,,India
824,Tammy Morse,41.0,HR,61431.11,2014-11-11,Male,12.0,India
825,Andrew Walton,58.0,Finance,83448.49,2022-01-10,Female,32.0,UK
826,Angela James,25.0,Finance,119271.49,2016-09-11,Female,29.0,Germany
827,Antonio Garcia,28.0,Finance,83363.47,2016-02-24,Other,1.0,Germany
828,Gina Ferrell,35.0,Sales,100542.9,2021-05-28,Female,13.0,Canada
829,Shannon Prince,35.0,Marketing,100800.33,2022-12-15,Male,34.0,Germany
830,Bryan Rodriguez,38.0,Sales,75309.33,2019-08-27,Female,19.0,USA
831,Mrs. Angela Peck,27.0,IT,57483.35,2016-05-22,Other,13.0,UK
832,Nathaniel Hayes,32.0,Sales,74012.37,2022-03-22,Other,,Germany
833,Laurie Cohen,37.0,Finance,98879.1,2024-05-23,Female,33.0,India
834,Amy Caldwell,33.0,,92293.74,2014-12-04,Female,34.0,UK
835,Patrick Mills,57.0,HR,59802.53,2015-11-29,Male,,Germany
836,Nicole Smith,26.0,Finance,109984.79,2021-01-26,Female,11.0,USA
837,Adam Morris,32.0,Marketing,42578.43,2015-08-26,Other,3.0,Canada
838,Michael Brock,22.0,Sales,,2018-09-07,Other,24.0,Canada
839,Gregory Villanueva,48.0,Finance,108975.97,2019-08-28,Male,16.0,UK
840,William Hammond,50.0,HR,46958.64,2024-07-29,Female,1.0,USA
841,Vickie Martinez,60.0,HR,109223.24,2018-08-22,Male,11.0,USA
842,Mark Wheeler DVM,52.0,Sales,49390.88,2021-04-04,Female,6.0,USA
843,Maria Horn,40.0,Finance,104951.11,2023-08-08,Male,18.0,Germany
844,Sarah Chapman,24.0,Marketing,56790.25,2021-06-16,Male,26.0,Canada
845,Larry Hunt,36.0,IT,99009.04,2020-12-30,Other,23.0,USA
846,Timothy Thomas MD,40.0,HR,95130.69,2020-12-07,Male,26.0,India
847,Dale Payne,40.0,IT,108883.9,2017-12-19,Male,26.0,Germany
848,Seth Thomas,51.0,Marketing,88820.94,2024-03-04,Other,13.0,India
849,Levi Ali,26.0,Sales,74253.36,2017-05-12,Male,34.0,India
850,Keith Lee,36.0,HR,89292.1,2022-03-06,Other,1.0,UK
851,Mr. Tyrone Parker Jr.,38.0,IT,102787.94,2015-01-12,Male,5.0,Germany
852,Trevor Smith,,HR,105082.39,2016-06-08,Female,6.0,India
853,Jordan Cervantes,34.0,IT,104435.24,2021-12-18,Other,19.0,Germany
854,Rebecca Barajas,49.0,Finance,85605.95,2024-02-21,Female,23.0,USA
855,Alexandra Nelson,29.0,Finance,82582.46,2021-12-27,Other,23.0,UK
856,James Davis,,Sales,87748.61,2016-09-25,Male,18.0,Canada
857,Daniel Walker,36.0,Marketing,53470.19,2016-11-06,Other,15.0,India
858,Stephanie Cruz,,HR,118320.01,2022-11-01,Male,13.0,UK
859,Sara Jackson,39.0,Marketing,63410.78,2022-09-22,Female,30.0,UK
860,Raven Ballard,31.0,IT,,2022-04-03,Male,26.0,UK
861,Rebecca Gross,26.0,Sales,116191.79,2015-11-28,Other,,UK
862,Robert Lucas,,Finance,81153.2,2019-06-10,Male,17.0,USA
863,John Blair,32.0,Finance,112012.42,2016-05-19,Other,12.0,Germany
864,Spencer Lewis,41.0,Sales,105214.47,2023-04-13,Male,27.0,Canada
865,Julie Crawford,60.0,HR,50847.11,2015-01-26,Male,,Canada
866,Shannon Ford,58.0,Marketing,100007.53,2022-09-30,Female,7.0,Germany
867,Jacqueline Reese,40.0,IT,72927.7,2022-12-23,Other,5.0,Canada
868,Kyle Hines,50.0,Marketing,44742.87,2015-02-14,Female,33.0,UK
869,Aaron Moss,29.0,Finance,62185.88,2022-03-17,Other,19.0,USA
870,Melissa Hendrix,51.0,Sales,92471.7,2016-12-10,Other,22.0,UK
871,Jesse Hall,,,96114.12,2022-03-31,Other,8.0,UK
872,Gregory Smith,47.0,Finance,50615.27,2021-08-12,Female,33.0,USA
873,Michelle Smith,39.0,IT,51699.48,2023-12-06,Female,17.0,India
874,Christopher Scott,54.0,HR,65767.74,2021-02-26,Female,35.0,Canada
875,Heidi Green,56.0,HR,59804.38,2018-09-05,Female,17.0,USA
876,William Bell,53.0,IT,107484.45,2015-02-15,Female,29.0,Germany
877,Jason Clark,50.0,Sales,71416.06,2020-12-14,Female,25.0,Germany
878,Kelly Owens,27.0,Marketing,51373.73,2021-12-13,Male,31.0,Germany
879,Lisa Farley,60.0,Sales,90592.16,2019-04-15,Female,16.0,India
880,Cassandra Moore,24.0,Marketing,90225.03,2015-10-02,Female,22.0,USA
881,Stephen Jefferson,49.0,HR,70013.79,2016-04-12,Other,30.0,India
882,Kimberly Scott,42.0,Finance,46041.3,2017-04-12,Other,30.0,Germany
883,Taylor Garcia,60.0,Finance,103567.89,2015-02-10,Other,2.0,UK
884,Johnny Walsh,38.0,Sales,,2019-06-11,Female,31.0,UK
885,Kelly Irwin,23.0,IT,72228.06,2017-10-07,Other,8.0,India
886,Monica Arias,27.0,Marketing,99984.19,2024-09-07,Male,17.0,Germany
887,Melissa Robinson,36.0,Finance,95576.29,2020-12-18,Male,5.0,Germany
888,Devin Bush,58.0,Sales,110185.39,2019-04-14,Other,25.0,Germany
889,Kristen Finley,59.0,IT,76375.65,2023-08-21,Other,15.0,Germany
890,Gregory Martin,23.0,HR,79043.56,2017-01-16,Female,15.0,USA
891,William Freeman,39.0,IT,86556.44,2020-05-09,Other,21.0,India
892,Danielle Mueller,58.0,HR,109512.62,2022-04-28,Other,27.0,India
893,Jacob Torres,24.0,Sales,107773.39,2024-08-14,Other,23.0,USA
894,Jessica Ramirez,33.0,IT,47451.33,2015-08-09,Other,34.0,UK
895,Robert Jones,52.0,Sales,117772.02,2019-07-12,Female,35.0,India
896,Susan Hart,55.0,HR,90787.24,2019-02-19,Female,1.0,Canada
897,Alexander Lamb,50.0,Finance,95783.12,2020-11-07,Other,17.0,India
898,Richard Castillo,39.0,Finance,108008.5,2016-04-03,Male,,India
899,Leah Morton,33.0,HR,103654.23,2016-04-08,Female,19.0,UK
900,Brianna Mcgrath,59.0,Marketing,,2017-02-28,Male,6.0,USA
901,Brooke Bishop,49.0,Marketing,117450.29,2018-11-17,Female,26.0,UK
902,Jonathan Velasquez,53.0,Finance,,2017-08-30,Female,22.0,UK
903,Emily Jones,27.0,Finance,,2023-12-18,Other,5.0,USA
904,Kimberly Black,52.0,IT,65829.21,2018-01-02,Female,12.0,Canada
905,Kimberly Rose,44.0,IT,62687.45,2023-01-06,Female,31.0,USA
906,Amanda Bryan,48.0,Finance,83784.84,2017-04-16,Female,21.0,UK
907,Christopher Moore,43.0,Marketing,50447.54,2022-04-26,Other,23.0,USA
908,Amy Glass,42.0,IT,108193.81,2021-10-15,Other,14.0,India
909,Jonathan Nguyen,28.0,HR,103064.29,2017-11-02,Other,18.0,India
910,Marissa Duncan,32.0,IT,111532.37,2024-03-28,Female,12.0,Canada
911,Eddie Gaines,43.0,IT,100980.32,2016-03-11,Male,13.0,Canada
912,Lisa Snow,48.0,IT,43675.43,2022-08-22,Male,32.0,USA
913,Jordan Barrera,53.0,Sales,90094.36,2023-01-27,Other,13.0,USA
914,Ricardo Lynn,40.0,HR,106936.17,2016-10-01,Male,16.0,USA
915,Steven Pugh,47.0,Finance,41302.51,2023-10-19,Male,16.0,Germany
916,Jessica Webb,57.0,Marketing,114354.63,2021-01-02,Other,17.0,UK
917,Mark Campos,24.0,Marketing,52638.68,2016-05-20,Female,14.0,UK
918,James Peters,51.0,Finance,76521.45,2015-12-12,Other,15.0,Canada
919,Charles Gomez,27.0,,119347.06,2022-12-29,Female,13.0,India
920,Joseph Davis,42.0,Marketing,74223.94,2023-02-23,Other,16.0,India
921,Barry Ramirez,38.0,IT,119655.53,2017-11-30,Male,23.0,India
922,Amanda Smith,,Marketing,112752.58,2016-08-20,Other,10.0,India
923,Rebecca Wise,29.0,HR,110571.82,2019-08-18,Male,7.0,UK
924,Judith Johnson,47.0,HR,64149.24,2022-01-11,Other,8.0,Germany
925,Philip Tucker,,Finance,,2022-09-11,Female,6.0,India
926,Joshua Henderson,22.0,Sales,110127.6,2015-02-12,Female,32.0,Canada
927,Linda West,56.0,Sales,47467.2,2015-08-26,Female,1.0,USA
928,Eric Moore,51.0,Marketing,68834.83,2018-09-27,Female,35.0,USA
929,Dr. Melinda English,48.0,Sales,46593.64,2020-01-25,Female,3.0,Canada
930,Brenda Bernard,25.0,Sales,93160.7,2018-06-17,Female,31.0,Canada
931,Cynthia Wilson,34.0,Marketing,91912.9,2021-05-28,Other,24.0,Canada
932,Brett Sanders,,HR,44142.98,2022-11-04,Male,21.0,Germany
933,Alexandra Wheeler,45.0,IT,90048.34,2020-10-09,Other,32.0,USA
934,Elizabeth Morgan,53.0,Finance,98079.07,2017-03-24,Other,18.0,Germany
935,Victor Charles,50.0,HR,100418.57,2018-04-23,Other,32.0,India
936,Ryan Fisher,25.0,Sales,74338.48,2016-03-18,Male,12.0,USA
937,Sarah Livingston,35.0,Sales,47295.93,2023-02-24,Female,33.0,Canada
938,Richard Smith,39.0,Marketing,47614.69,2019-07-10,Other,18.0,Germany
939,Joshua Williams,57.0,Finance,,2015-05-06,Other,,UK
940,Joseph Smith,30.0,IT,46235.1,2020-08-20,Male,15.0,USA
941,Mrs. Stacey Stewart,40.0,Marketing,87494.36,2016-09-06,Other,9.0,Canada
942,Shannon Floyd,50.0,Marketing,81555.54,2023-07-11,Other,,Canada
943,Jeffrey Vargas,53.0,IT,75605.35,2022-09-03,Other,34.0,India
944,Alexis Ford,29.0,IT,40645.01,2018-04-02,Female,28.0,Germany
945,Sandra May,23.0,Sales,67485.93,2024-02-11,Other,31.0,India
946,Autumn Moon,60.0,Marketing,49647.5,2018-04-24,Female,35.0,UK
947,Jaime Yang,37.0,HR,108827.22,2023-03-14,Other,3.0,UK
948,Timothy Young,32.0,HR,,2016-04-15,Female,,India
949,Daniel Dunn II,41.0,Marketing,78216.02,2019-08-17,Male,23.0,USA
950,Joshua Evans,57.0,IT,58315.75,2024-06-21,Other,26.0,USA
951,Rodney Jones,22.0,Finance,47146.49,2024-09-07,Other,12.0,India
952,Shari Peterson,57.0,IT,104476.55,2016-10-13,Male,30.0,India
953,Stephen Franco,48.0,IT,48256.12,2019-09-15,Female,8.0,USA
954,Amanda Harper,27.0,Finance,69404.94,2020-04-25,Male,34.0,Germany
955,Christopher Miller,36.0,IT,63940.43,2022-05-01,Female,30.0,India
956,Lauren Elliott,29.0,,70617.68,2017-04-06,Male,21.0,Canada
957,Cory Flores,51.0,Marketing,105069.43,2017-10-05,Other,1.0,Germany
958,Natasha Mckinney,29.0,Finance,109959.78,2018-10-07,Female,1.0,India
959,Danielle Clark,31.0,HR,91326.09,2022-04-28,Other,14.0,Canada
960,Stacy Fisher,53.0,Finance,94170.97,2015-08-24,Other,25.0,Canada
961,Joshua Gross,40.0,IT,45472.93,2023-06-25,Male,7.0,India
962,Shawn Rush,54.0,Marketing,85063.3,2021-05-21,Other,21.0,India
963,Steven Gonzalez,39.0,Finance,88825.54,2022-09-18,Female,24.0,India
964,Janet Wells,48.0,IT,53129.32,2015-08-02,Other,17.0,Canada
965,Abigail Norman,52.0,Finance,68095.02,2021-06-06,Male,,UK
966,Madison Hernandez,52.0,Marketing,57044.44,2023-05-04,Male,17.0,India
967,Wesley Peters,37.0,Marketing,99861.51,2016-04-30,Female,16.0,India
968,Teresa Mcguire,,HR,113591.53,2022-02-25,Male,18.0,Germany
969,Victoria Hogan,57.0,Marketing,89286.08,2020-07-01,Other,31.0,India
970,Alexis Rodriguez,31.0,IT,75390.71,2019-05-15,Female,22.0,Germany
971,James Krause,46.0,Marketing,57379.57,2017-10-07,Female,24.0,Germany
972,Johnathan Hammond,34.0,,111727.44,2017-07-18,Female,12.0,UK
973,Becky Finley,60.0,IT,51201.05,2016-09-20,Female,32.0,India
974,Kristi Rios,54.0,IT,,2022-09-20,Female,28.0,UK
975,Brandon Martin MD,30.0,Marketing,,2016-10-23,Other,14.0,Canada
976,Ashley Murray,26.0,Marketing,68122.85,2017-06-16,Female,27.0,UK
977,Angela Cortez,39.0,Finance,74351.1,2019-05-24,Female,24.0,USA
978,Joel Watson,48.0,Marketing,103286.13,2022-11-04,Male,24.0,USA
979,Sean Smith,43.0,HR,59822.91,2017-08-26,Female,26.0,USA
980,Shane Branch,54.0,HR,91569.65,2015-10-12,Male,18.0,Germany
981,Stacy Lewis,39.0,HR,59853.36,2016-02-03,Other,,USA
982,Joshua Myers,22.0,HR,88079.92,2016-12-18,Other,12.0,UK
983,Ryan Davis,40.0,Marketing,97694.37,2017-06-27,Other,9.0,India
984,Kelly Stewart,,Finance,62793.66,2023-08-06,Other,,Germany
985,Jack Dunn,59.0,IT,115302.34,2016-10-14,Male,7.0,Germany
986,Danny Castaneda,59.0,Marketing,42145.95,2023-09-27,Female,18.0,USA
987,Diana Mcintosh,53.0,Sales,,2015-02-08,Male,,Canada
988,Nicholas Valencia,31.0,Marketing,110066.18,2020-11-04,Other,28.0,Canada
989,Samantha Chapman,50.0,HR,56435.66,2019-01-17,Male,25.0,India
990,Mark Hanson,56.0,Sales,88554.15,2021-01-10,Other,13.0,UK
991,Robert Burton,52.0,Marketing,55091.72,2017-03-21,Female,10.0,USA
992,Matthew Carlson,44.0,Finance,71340.08,2019-02-15,Other,10.0,UK
993,Stephen Ortiz,43.0,Finance,91693.58,2024-03-11,Female,31.0,Canada
994,Jessica Jordan,57.0,Sales,102704.13,2016-10-07,Female,,Canada
995,Gregory Butler,56.0,IT,103502.24,2021-08-12,Male,,USA
996,George Torres,46.0,Sales,59147.29,2020-01-14,Male,27.0,Canada
997,William Davis,51.0,Finance,70870.85,2019-09-28,Male,32.0,Canada
998,Michael Barnes,42.0,Sales,59286.54,2021-11-03,Male,9.0,India
999,Linda Anderson,34.0,HR,91046.59,2023-02-11,Female,34.0,India
1000,Miranda Spencer,37.0,HR,45680.96,2024-09-09,Female,35.0,Canada
